{
  "name": "SkipSpaghettiPhase",
  "version": "0.1.3",
  "title": "Skip Spaghetti Phase",
  "author": "ananyzyr",
  "contact": "",
  "homepage": "",
  "factorio_version": "0.16",
  "dependencies": [
    "base >= 0.15"
  ],
  "description": "Gives you the items and research so that you can SKIP the SPAGHETTI PHASE of the game and start building your base with some roboports and a logistics network immediately. So you don't have to look at ugly spaghetti for the first few hours of your game. It also gives you a power armor with some equipment and weapons. And a car."
}