{
  "name": "angelsaddons-newlocales",
  "version": "0.1.35",
  "factorio_version": "0.16",
  "title": "Angel's Addons - Locales",
  "author": "Arch666Angel, Xagros, sore68, Damgam, Karosieben, IamIpanda, ToxaSTN, Firerazer, Shirutan, destunt",
  "homepage": "https://forums.factorio.com/viewtopic.php?f=185&t=40579",
  "description": "Adds translations for Angel's mods from the Community.(locales list : de, fr, ja, ko, pl, ru, zh-CN)",
  "dependencies": [
    "? angelsaddons-oresilos",
    "? angelsaddons-petrotrain",
    "? angelsaddons-pressuretanks",
    "? angelsaddons-warehouses",
    "? angelsbioprocessing",
    "? angelsexploration",
    "? angelsindustries",
    "? angelsinfiniteores",
    "? angelspetrochem",
    "? angelsrefining",
    "? angelssmelting"
  ]
}
