{
  "name": "Upgrade-renewed",
  "version": "2.5.0",
  "factorio_version": "0.16",
  "title": "Upgrade",
  "author": "FlamingFox, updated for 0.16 by Cordina",
  "contact": "https://forums.factorio.com/memberlist.php?mode=viewprofile&u=20539",
  "homepage": "https://forums.factorio.com/viewtopic.php?f=91&t=25381",
  "description": "Ever wanted to repurpose your unused burner drills and furnaces? Now you can with Upgrade! Now compatible with mods such as Bob's mods and KS_Power.",
  "dependencies": ["base >= 0.16.0", "? boblogistics >= 0.16.0", "? KS_Power >= 0.1.6"]
}